57,57,55.55,38,32,30,30,65,200,246,246,90,90,93,160,600,960,1210,999,720,470,140,68,70
26,11,11,11,11,11.01,28,205,2700,3000,2489,2415,2415,2489,2862,2989,3200,3499,3286,3200,2750,2489,68,70
26,20,10,10,10,10,1000,2540,3200,3600,3297,2989,2900,3111.66,3300,3400,3499,3600,3600,3499,3290,2900,2000,1600
2090,1995,147,20,10,10,1995,2455,2090,2300,2079,2000,1880,2005,2300,2500,2537,2537,2537,2537,2300,1650,2090,2090
2090,1600,200,200,100,20,1200,2400,2090,2100,1995,1995,1992,1995,2090,2900,3200,2989,2989,2989,2489,2090,2489,2489
2489,500,63,10,10,10,10,99,99,739,990,739,680,1799,2090,2489,3000,3095,3000,2600,2090,1990,2090,1990
2090,1100,300,87,200,200,200,34,1750,2550,2950,2989,2989,2989,2989,2989,3354,3650,3354,3350,3354,2554,2000,2060
2599,2090,1600,1000,1200,2090,2734,3199,4500,6277.54,6520,5164,4948.83,4952.46,4950.04,4951.44,4953.47,6446.5,6417.62,5644,5700,4100,2700,2719
2695,2500,2499,2090,2090,2500,2773.77,3354,4100,4100,3354,2998,2695,2700,3597,4950,5588,7214.22,6591,6529,7100,5900,3200,2988
2735,2695,2695,2499,2650,2695,2900,3500,4950,6031.19,4950,4000,3700,4000,4950,5498.69,5600,7213.39,7000,6637,6837.64,6700,4950,3000
2800,2825.45,2771.37,2755,2770.38,2826.63,3000,3597,5600,6667.31,6824.4,5600,5600,5600,5600,5600,5600,6700,6365.94,6127,6222.8,6688,7302.82,3000
2923.15,2851,2800,2755,2755,2824.78,3000,4300,5600,4950,4200,3829,3500,3597,4700,5499.53,5600,7301.03,7243.43,7000,7297.27,7212.69,7198,3000
2985,2710,2697.58,2699.43,2699.3,2697.38,2750,3100,4000,4950,4700,4098.71,3936,3600,4100.56,4103.2,4900,5600,5600,5300,5600,5150,4900,3000
2720,2669.19,2627.85,2620,2620,2620,2620,2100,3290,3820,3900,3444,3310,3290,3354,3597,3988,4900,4950,4900,4950,4900,3977.49,3000
2720,2499,2499,2499,2499,2619,2820.97,4588.75,6000,4980,4400,3800,3499,3400,3829,4526.09,4900,5100,5150,5029,5000,4671,4028,3000
2699,2499,2499,2090,2499,2699,3000,4680,6000,6517,5677,5000,4200,4200,4488,5150,5509,6500,6400,6500,6400,6343.55,4472.04,3000
2750,2699,2699,2699,2699,2750,3000,5383.67,6400,6074.56,4899,4200,3748,4044.66,4800,5600,5600,7500,7200,6651,6500,6204,4080,3000
2090,1499,1349.5,998,998,1080,2499,3344,4500,6075.14,5806.41,4854.89,4646.98,4200,4500,4582,4853.21,5200,5200,4800,3790,4100,2999,2900
2680,2680,2600,2499,2499,2680,2808.23,3300,4800,6451.78,6500,5023.45,5024.34,5023.16,5025.41,5025.27,5027.45,5800,4950,4590,4590,4200,3800,2923.38
2664,2400,2090,2080,2080,2080,2090,2080,3408,3676,3690,3450,3050,3050,3190,3420,4184,5200,5200,4950,4590,4000,3500,2924.88
2744,2680,2499,2090,2080,2011,2011,1999,2689,2937,2699,2688,2688,2680,2699,3000,4000,4500,4500,4150,4200,3595,3000,2850
2720,2080,2080,1960,2080,2664,2917.44,3580,4500,4299,3499,2720,2720,2720,3280,3799,4484,5800,5150,4490,3720,3500,2720,2750
2600,2090,2090,2000,2090,2400,2890,3941.64,4821.29,6200,4800,3500,3331,3495,3929,4200,5000,6300,6767.52,6100,5200,4205,3100,2823.51
2499,2199,2199,2090,2090,2400,2919.42,4047,4678,5980,4300,3495,3215.97,3260,3260,3500,4500,6100,6100,4480,4500,3720,2720,2499
2499,2199,2400,2078,2078,2499,2715,3800,4800,6848.7,6764.44,4300,3953.31,3500,3495,3787,3720,5800,5590.33,4500,3800,3500,2500,2499
1499,2078,2078,1470,1560,2000,2600,3760,5014.46,6000,6000,4500,4177,3800,4000,4200,4300,5500,5200,5200,4395,3800,3200,2499
2499,2600,2499,2499,2499,2311,2499,2695,3760,5100,5000,4406,4200,3943.23,4000,4120,4500,6300,5900,5522.19,5900,4500,4100,2840
2499,2499,2499,2499,2400,1499,2078,1499,2600,3300,3300,2695,2582,2350,2600,3000,3658,4800,4950,4800,4433,4000,3200,2709
2499,2090,2400,2088,2400,2499,2712,4184,4800,5891.56,4800,3492,2581.9,2695,3248,3690,4864.79,6100,6100,5800,4837,4428,3200,2712
2599,2599,2599,2599,2599,2650,2890,4200,4800,4300,3679,3367,2695,2695,3248,3800,4800,7100,7100,6361,5800,5400,3800,2840
2599,2249,2311,2249,2311,2599,2795,3500,3760,3950,3650,2600,2450,2450,3200,3450,4000,5907.37,5887,4800,4180,3995,3300,2712
2599,2249,2599,2599,2599,2650,2795,3300,3395,2694,2249,2249,2248,2248,2650,2720,3500,4500,4500,3948,3488,3399,2988,2712
2245,2090,2244,2090,2244,2244,2599,3755,4635,4754,3330,2750,2219,2219,2690,3200,3490,5150,5200,4600,4600,4100,3330,2245
2599,2090,2245,1400,1850,888,1999.3,3000,3700,4072,4600,3447,3447,3400,3330,3448,3295,5200,5200,5200,4550,4100,3289,2245
900,2000,2000,1260,1305,500,688,1450,2988,2854,3099,2245,2090,2245,2780,2245,2500,4300,4500,4494,3720,3440,2415,1000
200,388,589,497,500,500,2230,2600,3700,4500,4283.28,3330,2950,2780,2800,3262,3100,4800,5000,4700,4600,4244,3330,998
2599,2599,2599,2599,2599,2599,2795,3320,4284,3695,3500,3300,2800,2800,2800,3045,3500,4600,4964.63,4500,4023,3886,3500,2599
2699,2709,2699,2699,2699,2699,2924.26,3530,4193,3320,2710,2599,2775,2790,2549,3250,3700,5200,5800,5179.99,5031,4500,3480,2825.01
2712,2712,2712,2709,2712,2712,3000,4000,5100,5401,5100,5526.73,5100,5524.89,4500,4500,4500,6100,6100,6100,5200,4894,4000,3000
2940.74,2809,2809,2795,2800,2809,3000,3943,4409.15,5100,4800,5100,4300,4077,3733,3500,3690,5189,5200,4521,3800,3800,3440,2940.31
2885,2812,2775,2550,2525,2525,2812,2748,3400,4200,4200,4800,4200,4077,3555,3145,3500,4468,4700,4200,3733,3555,3260,2925.94
2775,2540,2540,2525,2525,2280,2525,2700,2900,3120,3120,2945,2915,2690,2514,2450,2900,3555,3740,3720,3311,3400,2590,2902.98
2680,2680,2680,2680,2465,2680,2795,3249,3700,3900,3300,3144,2940,3080,2985,2748,3280,4468,4500,4200,3311,3495,2748,2799
2710,2710,2680,2465,2680,2710,2902.79,3555,4200,5300,5250,4299,3555,3492,3492,3185,3500,5300,5491,4900,4459,4184,3000,2939.51
2710,2710,2680,2680,2680,2710,2800,3490,3700,4000,3720,3311,3199,3100,3195,3000,3000,4075,4352,3900,3470,3390,2680,2680
2485,1688,2032,1000,1688,1824,2675,3299,3650,4000,3620,3190,2860,2730,2999,2675,3190,4190,4577,4200,3468,3388,2747,2850
2700,2700,2700,2675,2675,2700,2924.11,3490,4200,4200,3620,2650,2485,2440,2514,2700,2880,4500,4850,4507,3900,3400,2675,2830
2840,2840,2840,2680,2680,2675,2675,3000,3194,2690,2675,2484,2484,2435,2435,2500,2747,3879,4293,4288,3500,3190,2485,2700
2925,2680,2930,2840,2680,2669,2580,2662,2980,2800,2747,2662,2662,2473,2473,2662,2747,3740,4250,4036.22,3998,3333,2600,2662
2675,2600,2675,2675,2675,2700,2840,3200,3499,3191,2979,2480,2250,2250,2470,2747,3134,5200,5400,5400,4900,3705,2694,2938.43
2700,2700,2840,2675,2675,2700,2840,3200,3688,3800,3319,2710,2600,2484,2710,2947,3287,5100,5700,5100,4416,3900,2900,2941.74
2675,2675,2675,2675,2675,2675,2700,3200,3600,3690,2947,2468,2315,2315,2468,2693,3100,4033.87,4299,4310,3800,3490,2690,2830
2200,2480,2515,2400,2480,2480,2675,3100,3600,3400,2800,2399,1729,1729,2460,2780,2800,3900,3907,3700,3350,3350,2600,2500
2150,2300,2398,2150,2150,2300,2550,3090,3600,3600,3000,1450,850,950,1548,2230,2647,4077,4300,3900,3400,3598,2150,2300
2280,2150,2400,2280,2280,2150,1688,2890,3200,3390,2715,2480,1499,1499,1499,2280,2800,4600,7197.76,4600,3400,3600,2500,2300
2280,2280,2530,2280,2280,2280,500,2430,2647,2647,2210,2145,1450,1600,1699,2144,2715,3900,6500,3700,3392,3600,2499,2280
2400,2400,2680,2650,2650,2650,2680,3400,3900,3590,2714,2279,1750,1750,2153,2639,3000,4300,5900,4300,3843,3790,2980,2500
2550,2400,2680,2650,2650,2650,2650,3100,3200,3100,2610,2150,1850,1850,1990,2639,2990,5200,7490.43,4751,4300,3998,2647,2650
2400,2275,2600,2550,2400,2600,2600,2730,2620,2420,2340,1990,999,900,2000,2150,2883,4600,5450,5470,4124,3894,2500,2500
2100,1900,2273,2150,2150,2273,2275,2690,2600,2149,900,179,179,180,300,1900,2790,5600,6100,5600,5600,4800,2350,2150
900,200,200,200,200,670,1500,1990,2310,1850,880,98,98,98,96,440,2000,3100,3600,3100,2350,2480,1748,800
1890,1900,1982,1900,1900,1800,900,1795,1795,1795,1850,1750,1000,899,899,1500,2350,3400,3900,3703,3100,2993,2150,1900
1800,1900,2806.11,2600,2250,2250,1900,1800,1795,1800,1795,1794,1795,1794,1795,1794,2250,3400,3900,3500,3000,2993,2250,2100
1900,1248,1800,1795,1795,1800,1800,2300,2099,1700,1690,1794,1795,1795,1795,1794,2350,3400,4298,3400,2694,2694,1900,1795
1900,1795,2100,1900,1900,2100,2100,3189,2690,2100,2100,1900,1794,1794,1800,1800,2300,3400,4100,3600,2600,2585,2001,1748
1889,1889,1889,1889,1889,1889,1889,2700,3000,2740,2700,2499,2649,2649,2650,2750,2700,3588,4100,3600,2993,3100,2100,1850
1598,1799,1799,1799,1799,1799,1799,3300,3300,2950,2900,2500,2385,2399,2219,2500,3200,4100,4457,4100,3500,3500,2500,2100
1598,2000,2100,2000,2100,2100,1900,3450,2900,2700,1690,1540,1540,1540,1548,1790,3521,4375,5100,4900,4433,4500,2840,2100
1680,1680,2100,1900,1900,1680,1000,2475,2350,2030,1530,1380,1150,1150,1150,1380,2800,4098,5200,4698,4254,4488,2480,1680
1680,1680,1680,1680,1680,1200,609,1750,1499,1750,1409,790,575,575,788,1005,1820,3850,4500,4418,3900,4800,2700,1680
2100,1900,2000,1947,1967,2100,2100,3300,2894,2680,2600,1499,1527,1527,1499,1499,3166,4000,4517.2,4500,4358,4418,3200,1900
2200,2000,2000,2000,2000,2300,1900,3700,4534,4353,2800,2590,1527,2599,2599,2599,3700,4800,4897,5000,4200,4800,3000,2250
1950,1680,1680,1680,1680,1950,1680,4911.62,6662.03,6666.46,6648.8,2730,1862,1527,2585,2730,3288,4341,4855,5200,5107,4634,3288,2000
2500,2050,2050,2050,2050,2748,1950,4157,4672,4500,3799,2585,2150,2231,2644,2890,3493,4100,5000,4600,4536,4100,2844,1900
2700,2449,2449,2000,2449,2449,2449,3470,4064,3600,3180,2440,2220,1999,2050,1527,2900,3300,4417,4046.51,3700,3300,2680,2034.99
2916.92,2850,2850,2699,2770,2770,1983,3155,3400,3140,2624,1350,1220,1220,1220,1120,2640,4078,6600,6200,4462,4319,3400,2400
1900,1900,1680,1680,1680,1680,1000,2474,2750,2739,2140,560,490,440,438,490,1200,3250,6000,5800,3900,3650,2740,1490
2100,2100,2100,2100,2100,2100,2300,5557.92,6878.99,6874.39,6877.02,2750,2799,2799,2799,2799,5393.5,5646,7391.99,7389.47,5800,6000,4078,2916.9
2916.01,2916.93,2915.39,2900,2915.37,2912.94,2952.59,4688.82,4896,4392,3499.99,2299.5,1699,2299.5,2399,3279,3623.92,4285,6200,5900,5553,5289,3600,2744
2844,2500,2500,2449,2500,2844,2500,4450,5500,5785,3500,3311,1679,3179,3488,3200,3437.47,4426,6600,6431,5300,5000,3179,2449
2200,2200,2200,1900,2200,2500,2200,4194,4700,4100,2900,675,280,675,675,675,2000,4140,5999,6100,5961.86,5200,3200,1849
2300,2449,2300,2149,2200,2592,1680,3250,3092,3093,1589,110,100,189,195,999,2988,4060,4349.38,5401.66,4300,4605.53,2800,1000
3000,2912.25,2850,2850,2850,2950,2970,5200,4000,3915,3200,2100,1051,980,980,3915,5600,7500,7500,7500,7500,7500,7500,3000
2970,1500,950,950,950,1200,1500,2220,2850,2820,2820,2999,2999,2999,2999,2999,3980,5000,6600,7471.11,6600,6600,4200,2970
2500,2250,675,800,900,2250,3000,5600,6300,4900,3900,4400,3420,4600,5374.43,3680,4500,5600,7438.73,7467.92,7399.48,5800,4000,3000
2930,2050,675,675,675,2050,2970,3900,4198,3633,2940,2700,1690,2150,2700,2940,4100,5300,7500,7500,7500,5700,4000,3000
2942.03,2100,1299,1299,1780,2400,3000,3300,3450,3307,3173,2900,2300,2493,2900,3280,3475,5300,6200,6600,6000,5000,5200,3000
2400,675,500,500,500,800,2400,3100,3100,2650,2120,1210,470,675,675,1233,2900,3980,4500,5159,4500,4000,3499.99,3000
1150,470,450,450,470,650,1900,2750,2744.98,1800,550,420,200,400,200,470,2700,3550,4800,5600,5400,5800,4100,3000
3000,3000,3000,3000,3000,3000,3000,5600,3900,2550,2550,2400,2350,2350,2400,5600,5600,7500,7500,7500,7500,7500,7500,3000
3000,2600,1850,455,1850,1850,3500,2150,3100,3090,3100,1780,980,2350,3100,1850,6500,7100,7500,7500,7394.74,6900,3000,
2500,2300,2100,999,2100,2900,3000,3717,3906,3500,1820,1750,1650,1500,1650,1650,1544,1991,4700,6100,6700,5600,4100,2950
1900,723,723,723,723,800,2350,3800,4400,3400,739,640,640,723,739,739,739,2643,4842,5600,5750,5300,4200,2974.59
1878,499,465,465,465,499,2250,4097,3876.74,2770,2110,1600,1799,1700,1600,1540,1799,2500,4100,5700,6102,5100,4100,3000
727.14,465,300,270,300,465,1890,4200,5281,5800,2950,1799,1599,1600,1600,1799,2000,3039,4300,5200,6000,5500,3950,3000
1649,465,465,300,250,465,1700,3300,3381,3035,1800,1600,1590,1599,1599,1599,1599,2445,3459,3900,4400,4169,3598,2977.42
1300,377,198.9,150,150,197,1300,2300,2300,1800,1250,440,460,460,440,465,1390,1990,2900,3200,2800,2900,2943,1695
1300,999,373,194,150,140,373,1800,288,50,50,50,50,50,50,50,95,1950,3032,3300,3700,3700,3200,2100
1450,1300,550,194,194,799,1400,3284,2600,2000,2150,2400,1300,1300,1550,1550,1800,2984,3400,3700,4200,4200,3700,2650
2915.49,1400,1198,1145,798,1300,2100,3690,3000,2300,1590,2350,1145,1194,2889,2400,1800,2300,3400,4162,4554.45,4200,3700,2850
2700,1800,1600,1130,1130,1600,2950,3579,2899,2300,2100,2399,1700,1700,1400,1700,1700,2050,3680,3680,4200,4500,3700,2900
2914.89,2100,1900,1800,1800,1800,2900,3957.73,3099,2400,2880,2879,1790,2000,2880,2879,2295,2500,3680,4023.63,4900,4600,3680,2917.05
3000,2500,2200,2000,2000,2200,2900,4100,3300,2199,1789,1498,1980,1980,1780,1780,1990,2298,3996.6,3900,4200,4200,4250,3000
2700,2200,1900,1900,1900,1900,1900,2700,2799,2799,2000,1890,1600,1600,1400,1899,2930,4400,2800,3000,3602,3660,3400,2900
2800,2800,2600,2600,2600,2600,2800,2600,2650,2650,2600,1600,1400,1600,1400,1399,1389,1800,3000,3340,4200,4200,3845,3000
3000,3000,3000,2970,3000,3000,3000,5100,5900,4500,3199,2850,2683,2260,2000,2950,3200,3230,4190,5700,6500,6500,5300,3000
3000,2600,2500,2500,2500,2500,2900,3923.88,3869.98,3350,2850,2925,1998,2080,2929,3350,3450,4230,5000,5247,6188,6100,5100,3000
3000,2800,2756.58,2718.15,2714.93,2800,3000,4500,5541,4988,4113.43,3500,2698,3020,3500,3669,3745,4500,6100,6187.42,7200,7153.88,6188.58,3000
3000,2800,2700,2242.42,2372,2499,3000,4700,5535.42,5800,4700,4100,3900,3999.01,3999.01,3900,3925,4100,5000,5300,6500,6500,5686.9,3000
3000,2400,2300,2300,2300,2600,3000,4191,4300,4027.28,3066,2987,2650,2650,2350,2600,2350,2850,5000,6300,7500,7500,6600,3000
3000,3000,3000,2980,2970,2823,3000,2800,2550,2550,2537.3,1490,1490,1490,1450,1790,1987,2620,3185,4149.32,4800,4800,3800,3000
3000,2913.14,2600,2600,2500,2600,3000,3300,3180,3040,1950,890,749,550,450,745,1299,3129,4130,5300,6998.74,6997.57,5700,3000
3000,3000,3000,3000,3000,3000,3000,5600,6900,6500,5000,3700,3180,3180,4190,4035.06,5600,7500,7500,7500,7500,7500,7500,3000
3000,3000,3000,3000,3000,3000,3000,5600,6452,5000,3745,933,788,933,2350,3195,3304,4157.02,6100,7500,7500,7500,7000,3000
3000,3000,3000,3000,3000,3000,3000,5600,6900,6900,6900,3897.52,3000,3195,3750,3484,4190,5139,6500,7500,7500,7500,6700,3000
3000,3000,3000,3000,3000,3000,3000,5500,6482,5339,4311,4025.83,3395,3395,3954.79,3640,3996.32,4500,6300,7500,7500,7500,6785,3000
3000,3000,3000,3000,3000,3000,3000,5096.78,6656,5601,4300,3300,2400,1998,3000,3062,3300,3532,5200,6500,7500,7500,6699,3000
3000,3000,3000,3000,3000,3000,3000,3900,3745,3600,2999,3400,3170,2990,3000,2400,3100,3400,5100,6600,6600,7200,7500,3000
3000,3000,2960,2700,2700,2700,2900,3900,3158,2990,2050,1450,1450,1450,1450,1397,2399.99,4125,5300,6300,7500,7200,5700,3000
3000,2900,2699,2600,2600,2900,3000,4500,4300,3250,3399,999,757,588,3000,1850,2014,3795,5500,5900,6500,6535,5700,3000
3000,3000,2550,2550,2550,3000,3000,4500,3954.79,2999,2400,345,200,345,410,545,1450,2950,4800,5500,6500,6339,5300,3000
3000,2700,2450,2400,2400,2400,2894,3500,3800,3200,2399,2000,1800,1800,2000,2399,3749,3950,5300,6100,7500,7500,7500,3000
3000,2800,2600,2800,2700,2750,3000,4000,3800,2980,2300,1490,747,747,1990,2300,3398,3200,6500,7239.28,7500,7500,7500,3000
3000,2900,2850,2850,2850,2857.54,3000,5600,4005,2650,1950,2100,1850,2100,1950,2050,2770,4030,6800,7500,7500,7500,7500,3000
3000,3000,2875.75,2850,2850,2850,3000,4200,3089,2300,1900,2750,2750,2750,2750,2750,2750,5600,7268.04,6700,6500,7000,7500,3000
3000,2900,2850,2850,2850,2750,2875.55,2900,2200,1990,1600,1400,1400,1400,1190,1400,2500,3300,7340.85,7500,7500,7500,7500,3000
3000,2800,2750,2750,2750,2750,2950,3500,3200,2300,1500,950,950,950,1890,1890,1980,3150,6600,6300,6100,6500,6300,3000
3000,2916.72,2900,2900,2900,2900,3000,5000,3500,2299,2099,500,460,500,1900,2099,3000,3700,6200,6500,7500,7500,7271.2,3000
3000,3000,2950,2950,2950,2950,3000,4905.61,5500,2800,2400,1900,1900,1900,2200,2200,3200,4200,7000,7500,7500,7500,7500,3000
3000,3000,3000,3000,3000,3000,3000,5600,6900,5600,2800,2200,1899,1450,2500,4600,5144,7500,7500,7500,7500,7500,7500,3000
3000,3000,3000,3000,3000,3000,3000,5600,5600,3710,2162,1499,2000,2150,977,2196,2450,7500,7500,7500,7500,7500,7500,3000
3000,3000,3000,3000,3000,3000,3000,3700,3800,3749,2050,2950,2050,1859,1400,1890,2400,4100,7500,7500,7500,7500,7500,3000
3000,3000,3000,3000,3000,3000,3000,5600,3700,3150,1900,399,399,399,580,1890,1900,7500,7500,7500,7500,7500,7500,3000
3000,3000,3000,3000,3000,3000,3000,5600,6900,6900,4200,2900,390,390,1150,2402,3680,7500,7500,7500,7500,7500,7500,3000
3000,3000,3000,3000,3000,3000,3000,5600,6900,6900,6763.86,578,388,388,3000,3943,5122.36,7500,7500,7500,7500,7500,7500,3000
3000,3000,3000,3000,3000,3000,3000,5600,6900,6900,4000,3340,3340,999.99,4900,4900,5600,7500,7500,7500,7500,7500,7500,3000
3000,3000,3000,3000,3000,3000,3000,5600,6900,6752,3300,3000,2500,3070,3680,3780,5600,7500,7500,7500,7500,7500,7500,3000
3000,3000,3000,3000,3000,3000,3000,5600,6752.48,3770,2499,370,105,200,990,1398,2050,5400,7500,7500,7500,7500,7500,3000
3000,3000,3000,3000,3000,3000,3000,3700,3895,3200,3070,3050,1450,1450,2450,1350,1890,4200,7500,7500,7500,7500,7500,3000
3000,3000,3000,3000,3000,3000,3000,3700,3200,2799,2000,2999,2999,2970,3300,2990,1990,3300,7500,7500,7500,7500,7500,3000
3000,3000,3000,3000,3000,3000,3000,5600,6900,3800,2950,1450,1250,1250,2950,3449,2450,5200,7500,7500,7500,7500,7500,3000
3000,3000,3000,3000,3000,3000,3000,5600,6900,6900,3069,200,100,120,289,1398,1450,3810,7500,7500,7500,7500,7500,3000
3000,3000,3000,3000,3000,3000,3000,4715,4100,3500,2929,100,100,100,164.88,2830,2899,7500,7500,7500,7500,7500,7500,3000
3000,3000,3000,3000,3000,3000,3000,5600,6838.48,5600,3400,100,98,99.99,100,2781,4820,5800,7500,7500,7500,7500,7500,3000
3000,3000,3000,3000,3000,3000,3000,5600,6900,5900,4100,100,90,90,100,3400,4500,7500,7500,7500,7500,7500,7500,3000
3000,3000,3000,3000,3000,3000,3000,4334.6,4165,4500,3050,1450,410,410,2949,2750,1850,4100,7500,7500,7500,7500,7500,3000
3000,3000,3000,3000,3000,3000,3000,3789,4050,4050,2300,409,410,409,409,1450,2749,2900,7500,7500,7500,7500,7500,3000
3000,3000,2950,2954.41,2972.53,3000,3000,5600,6900,6400,6889,100,98,98,650,5600,5600,4530,7500,7500,7500,7500,7500,3000
3000,3000,3000,3000,3000,3000,3000,5600,6900,6900,5109,2900,2300,2800,5123.63,5600,5600,5700,7500,7500,7500,7500,7500,3000
3000,3000,650,1100,3000,3000,3000,5600,6900,6900,6900,5600,5600,5600,5600,5600,5600,7500,7500,7500,7500,7500,7500,3000
3000,3000,2900,650,2299,2900,3000,5400,5368,3440,405,405,98,98,88,588,1299,1990,5500,7000,7500,7500,7500,3000
3000,515,100,300,350,405,2986.44,5191,4500,2249,100,80,40,50,80,100,3100,6400,4857,7500,7500,7500,7500,3000
3200,3500,3500,3500,3500,3500,3500,5400,4950,4450,900,2500,650,496,100,2799,3999,7500,7500,7500,7500,7500,7500,6900
4526.07,4522.94,4527.13,4525.6,4523.42,4525.98,4522.23,4450,3000,2975,900,977,900,977,900,800,2950,7848.32,7847.49,7850.01,7849.45,9000,7847.78,6900
4797.23,4795.55,4730,4380,4745,4797.34,4792.26,5600,5547.87,5552.33,2000,1990,1497,1949,2050.92,2051.73,5000,8074.34,8077.89,8100,8072.14,8073.41,8075.32,6900
4795.5,4799.39,4796.91,4500,4777.85,4799.77,4796.49,5599.53,5572.73,5574.68,2090,2094.69,2090,2090,2093.02,2094.41,5000,8150,8150,8150,8150,8150,8150,6900
5600,4900,4000,4200,4500,4745,5600,6900,6900,6880,405,500,500,500,500,500,5000,8300,9000,9000,9000,9000,9000,6900
5600,5600,4500,4500,4500,5180,5600,6900,6900,6100,405,500,405,500,500,500,4109,8575.71,9000,9000,9000,9000,9000,6900
5600,5600,5477.91,5180,5494,4745,5600,6900,6900,5880,500,405,405,405,500,500,3750,9000,9000,9000,9000,9000,9000,6900
5600,3200,900,900,730,405,1450,2950,2450,1985,650,400,190,190,190,405,1250,5100,8700,9000,9000,9000,9000,6900
3200,900,100,100,100,404,730,2450,340,405,150,180,99,99,100,872,1482,3890,7450,8985,9000,9000,9000,6900
4500,3899,404,404,404,900,4200,6000,6060.42,5880,1695,1099,900,1099,1695,1695,4500,6979,9000,9000,9000,9000,9000,6900
4900,4100,3980,3965.54,3890.52,4000,4371.44,5600,6000,5000,2000,1678,1150,1678,1678,2047.64,3500,6200,9000,9000,9000,9000,9000,6750
5600,4756,4450,4298,4380,4750,4380,6000,6863.77,6900,4847,3400,2742,2918,2999,4177.2,4500,8800,9000,9000,9000,9000,9000,6900
5600,4450,4376,3980,4350,4380,5500,6700,6585,5600,4680,3278,2950.48,3278,3278,3610,4298,7500,9000,9000,9000,9000,9000,6900
5600,4760.42,4300,4000,4340,4350,5500,6800,6800,6800,5195,3694.76,3708,3693.71,3692.14,4980,5000,9000,9000,9000,9000,9000,9000,6900
4900,3658.31,3600,3600,3200,3098,3063,3950,4680,3384,2947,2247,1829,1150,646,2347,3100,6975,9000,9000,9000,9000,9000,6900
5180,4000,3400,2695,2520,2347,3000,640,640,1160,2000,500,200,200,404.99,1100.99,500,2798,8927.17,9000,9000,9000,9000,6900
5600,4946.33,4745,4745,4862.23,4745,5586,6000,6000,5740,4500,3200,3026.27,3193.71,3194.79,4700,4350,5980,9000,9000,9000,9000,9000,6900
5600,4099,4099,4100,4100,4100,5082,6000,5887.16,4598,2697,1141,901,1141,2090,2090,3900,5600,9000,9000,9000,9000,9000,6900
5600,5180,4340,4584.4,4500.04,4100,5295,5980,5300,3900,3856,300.99,100,209,301,1980,3450,4800,9000,9000,9000,9000,9000,6900
5600,4745,4600,4424,4340,4489,4802,5704,5600,4000,3600,203,80,80,203,1220,3062,4800,8927.69,9000,9000,9000,9000,6900
5600,5180,4813,4813,4745,4745,5200,6000,5600,3900,3350,500,207,500,500,1220,3671,5400,9000,9000,9000,9000,9000,6900
5600,5197.63,5201.73,5180,5197.65,5202.19,5600,4500,4000,3300,3300,2197,2197,2245,2144.87,3400,4500,6000,9000,9000,9000,9000,9000,6900
5600,5000,5000,4745,4745,4745,5600,6300,6300,5380,4000,1807,1807,1807,1449,1632,4500,6000,9000,9000,9000,9000,9000,6900
5600,5000,5000,5000,5000,5000,5600,6300,6300,5500,4000,1627.26,1623.68,1627.27,1625.13,1588,5600,9000,9000,9000,9000,9000,9000,6900
5600,5000,5000,5000,5000,5000,5600,6300,6300,5500,4000,1627.03,1623.91,1624.4,1625.12,1500,5600,9000,9000,9000,9000,9000,9000,6900
5600,5600,5365.54,5367.37,5366.02,5600,5600,6900,6870,6900,6751.89,3600,3600,3600,3600,3600,5600,9000,9000,9000,9000,9000,9000,6900
5600,5600,5500,5500,5500,5600,5600,6900,6900,6121,5000,3396,3396,3396,3424.82,3423.58,5325,9000,9000,9000,9000,9000,9000,6900
5600,5600,5400,5240,5240,5491.67,5600,6000,5877,4680,3100,1200,1000,405,2796,3619.2,4000,6500,9000,9000,9000,9000,9000,6900
5600,5600,5585,5547.85,5545.19,5546.39,5600,5031,4483,3430,2394,1994,1730,1372,1200,2194,3470,5600,7680,9000,9000,9000,9000,6900
5600,5600,5500,5500,5500,5200,5000,4100,2648.52,1980,950,405,405,402,800,750,2600,5200,7300,9000,9000,9000,9000,6900
5600,5600,5600,5579.08,5590.55,5600,5600,6379,6300,6900,6880.2,4306.9,4309.99,4350,4650,4650,5600,8699,9000,9000,9000,9000,9000,6900
5600,5600,5500,5467,5500,5569.06,5600,6900,6900,6900,6900,4350,4350,4329.01,4510,4650,5600,7500,9000,9000,9000,9000,9000,6900
5600,5578.25,4745,4546.15,4784,5200,5600,6850,6900,6900,6900,4350,4350,4350,4350,4350,5600,9000,9000,9000,9000,9000,9000,6900
5600,5300,4652.44,4745,4745,4826,5600,6850,6900,6900,6877.52,4980,4650,4350,4650,5100.44,5600,9000,9000,9000,9000,9000,9000,6900
5600,4780,1173,1750,1750,3900,5500,6600,6600,5800,3050,1120,999,200,402,1244,4500,8600,9000,9000,9000,9000,9000,6900
5600,5580.38,5577.13,5567.57,5577.47,5300,5100,4520.01,1350,1050,95,48,48,47,50,70,940,7500,8850,8900.95,9000,9000,8949.87,6900
5600,5547.69,5000,4826,4745,4620,4730,4100,4100,500,34,29,34,29,29,34,2649,4780,8600,8850,8850,9000,8925.35,6900
5600,5600,5582.19,5200,5200,5582.56,5581.1,6500,6500,5400,4136.18,3020,1247,100,405,2699,4650,8420.23,8850,9000,9000,9000,9000,6900
5600,5600,5600,5572.18,5552.59,5568.93,5600,6800,6665,5800,4500,3396.26,3115.5,2700,4136.18,4350,5600,8700,9000,9000,9000,9000,9000,6900
5600,5572,4700,3222,4000,5180,5578.46,6150,6800,6800,3200,2699,1450,1147,1130,3020,3800,8400,8900,9000,9000,9000,9000,6900
5600,5600,5600,5581.13,5579.55,5585.2,5600,6872.62,6858.58,6400,3100,3900,2700,2650,4136.18,4980,5600,8900,9000,9000,9000,9000,9000,6900
5600,5600,5600,5600,5600,5600,5600,6900,6900,6800,4136.18,4350,4136.18,4000,4980,5322.44,5600,8957.05,9000,9000,9000,9000,9000,6900
5600,5600,5579.5,5579.5,5572,5180,5583.19,4901,4450,3464,2958,1490,799,879,1998,3040,5524,8950,9000,9000,9000,9000,9000,6900
5600,5600,5579.97,5580.24,5582.59,5100,5582.95,5380,4500,3259,750,405,402,491,653,1350,3799,7900,9000,9000,9000,9000,9000,6900
5600,5600,5572.07,5200,5200,5100,5600,6788,6900,6875.93,4680,3200,2650,2650,2600,4136.18,3800,8949.31,9000,9000,9000,9000,9000,6900
5600,5600,5579.67,5582.87,5568.68,5180,5600,6900,6900,4900,3200,1239,1120,1014,1515,3200,5400,8950,9000,9000,9000,9000,9000,6900
5600,5600,900,405,405,900,4500,4900,4900,1280,1280,405,105,100,405,1000,3089,9000,9000,9000,9000,9000,9000,6900
5600,5569.4,5400,3040,3040,4745,5578.41,6900,6900,6400,4300,2650,1439,1001,4350,5000,3040,8949.8,9000,9000,9000,8950,8950,6900
5600,5500,5180,4000,3024.8,1000,3020,5880,6400,4100,3040,405,400.55,405,1120,3040,3040,8600,9000,9000,9000,8950.25,9000,6900
5600,5600,5590.93,5592.24,5590.42,5581.31,5600,4900,3900,3400,3400,499,499,499,499,3000,4800,8600,9000,9000,9000,9000,9000,6900
5600,5600,5580.15,5180,5180,4500,3900,4900,3900,3850,3500,3040,3450,4650,5197.62,5000,5600,9000,9000,9000,9000,9000,9000,6900
5600,5600,5579.68,5571.15,5569.6,5577.84,5600,6900,6900,6900,6900,5115,5500,5472.01,5500,5442.03,5600,8850,9000,9000,9000,9000,9000,6900
5600,5600,5580.46,5548.77,5180,5550,5579.47,6400,5880,3850,3450,1120,987,1100,3020,3040,4650,8985,9000,9000,9000,9000,9000,6900
5600,5600,5583.16,5584.03,5581.15,5577.26,5600,6800,6800,4600,3450,1120,987,1120,3040,4600,5566.87,9000,9000,9000,9000,9000,9000,6900
5600,5450,5572.1,5549.41,5535,5535,5582.75,6800,6860.94,6800,5900,3500,3040,3040,4650,3450,3020,7500,8800,8898.94,8950,9000,8950,6900
5480,5100,5510,5510,5510,5510,5582.38,6874.13,6900,6900,6900,5371.46,5115,5115,5534.56,5536.03,5567.16,8850,9000,8985,9000,9000,9000,6900
5600,5591.81,5587.77,5540,5540,5570.94,5600,6900,6900,6815,4800,3300,3850,3850,3899,3899,3300,5324,8950,8950,9000,9000,9000,6900
5600,5547,5547,5547,5547,5569.26,5600,6800,5880,4640,3250,3250,3300,3300,4299,4000,4649,3850,8950,8850,8950,9000,8950,6750
5400,5547,5547,5180,5405,4500,3900,4680,3800,3100,3300,450,402,402,1100,1440,1200,5300,8550,8950,9000,9000,8951.53,6879.91
5350,3700,3700,3700,4745,5547,1480,1350,2950,1449,1200,397,397,397,1997,1098,2450,3750,8500,8900,8952.34,9000,8900,6750
5560,5556,5180,5285,5170,5180,5500,6500,5900,3040,2450,2798,2000,2500,2000,3040,4935,7000,8942.04,8900,9000,9000,9000,6900
5585.28,5100,3040,4340,2490,3000,5582.21,5880,5909,5874,4000,405,1900,1900,2350,4199,4685,3690,8900,8900,9000,9000,9000,6900
5100,5180,4782.36,5180,5180,4745,5560.18,6200,5880,6873.07,4300,2400,2400,2350,3040,4350,4400,8500,8951.55,9000,9000,9000,9000,6900
5582.57,5577.29,5180,5280,4796.98,4782.36,3040,4000,5200,6861.01,6877.38,5200,5115,5200,5533.82,5115,5566.32,6800,8954.29,8800,8800,8900,8800,5870
4745,4827.77,4340,4745,4745,4796.98,5235,5380,6900,6900,6874.44,5469.2,5115,5050,5050,5115,5500,6800,8900,8800,8800,8900,8900,6800
5561.18,4137,498,952,960,1450,2500,3200,3040,3870,2450,577,385.44,1997,1997,3020,4650,6800,8949.82,9000,9000,9000,9000,6879.2
5582.12,5500,4796.98,5180,5180,5561,5600,6900,6900,6876.34,5115,5200,5115,5115,5115,5115,5563.11,8951.89,9000,9000,9000,9000,9000,6900
5581,5500,1750,4701,4745,4992,5582.9,6879.05,6874.52,5299,2450,405,254.11,405,1349,2998,3150,6701,9000,9000,9000,9000,9000,6900
5592.41,5585.74,5558.18,5371,5230,5100,5590.61,6900,6900,4680,4000,1442,1120,1442,2789,3850,5565.33,8917.12,9000,9000,9000,9000,9000,6900
5600,5600,5577.16,5585.29,5582.6,5585.67,5600,6900,6900,6872.8,6875.6,2350,2047,2300,5100,4980,5565.23,9000,9000,9000,9000,9000,9000,6900
5600,5587.01,5586.91,5585.56,5586.45,5586.06,5100,5415,4950,4500,3799,1497,1346,1700,1450,2450,3956,8900,9000,9000,9000,9000,9000,6900
5600,5583.75,5580.07,5558.88,5561.52,5557.08,5586.69,6846.41,4000,3000,2000,790,790,992,250,1210,3020,9000,9000,9000,9000,9000,9000,6900
5600,5583.47,5580.33,5584.26,5397,5407,5600,6900,6900,4550,1477,100,100,200,800,3020,5560,8900,9000,9000,9000,9000,9000,6900
5600,5583.98,5250,5227,4810,5557.49,5600,6900,6900,6874.58,1998,1439,855,1439,1898,2898,4349,8700,9000,9000,9000,9000,9000,6900
5600,5561.13,5200,4340,4399,5100,5600,6900,6857.42,4500,3999,2135,1800,1895,2945,4350,4650,8922.26,9000,9000,9000,9000,9000,6900
5600,5582.89,5585.04,5586.23,5587.5,5562.99,5600,6900,6800,5880,2495,2535,2300,2535,3297,3040,4350,8600,9000,9000,9000,9000,9000,6900
5600,5584.04,5589.46,5586.81,5577.16,5582.1,5585.14,6873.74,6800,5722,2494,870,350,870,1450,2844,4238,8900,9000,9000,9000,9000,9000,6900
5600,5590.43,5588.11,5582.22,5580.55,5578.01,5589.65,6876.27,5880,4499,1878,687,850,687,687,2950,3039,6150,9000,9000,9000,9000,9000,6900
5600,5587.41,5583.71,5578.46,5587.55,5582.17,5385,4300,4450,3039,3040,100,100,100,100,1300,3039,5970,9000,9000,9000,9000,9000,6900
5600,5500,1750,1111,1310,4340,5027.91,6664.74,4680,3039,1300,90,90,90,405,3020,4350,8953.33,9000,9000,9000,9000,9000,6900
5600,5555,5583.04,5561.91,5481,5481,5600,6900,6900,4500,4500,100,70,100,2984,4349,5550,9000,9000,9000,9000,9000,9000,6900
5600,5592.21,5585.79,5373,5125.32,5450,5600,6900,6900,6900,6621,955,680,1878,4980,5421,5564.6,9000,9000,9000,9000,9000,9000,6900
5600,5555,5508,5562.33,5562.96,5515,5600,6900,6900,6900,6880.26,2500.69,1498,3000,5467.53,5400,5523.73,9000,9000,9000,9000,9000,9000,6900
5587.91,4340,4830,1750,3140,4745,5583.77,3033,4680,4700,4700,1120,950,1800,4150,5000,5100,8000,8450,8900,8948.71,8952.01,8600,6700
3000,4709,5500,5500,5500,5500,3080,3040,4679,4679,4300,2450,2100,2450,2000,4350,4600,6500,8500,8945.86,9000,9000,8900,6780
2930,5000,4745,4745,4745,5500,3980,1300,4000,4250,4000,399,399,399,298,3100,4550,5900,8900,9000,9000,9000,9000,6900
4980,4340,5000,5000,4340,3980,3020,5880,5380,3850,1113,90,89,100,399,3850,5522,8951.77,9000,9000,9000,9000,9000,6900
5600,5600,5587.22,5583.83,5582.03,5586.69,5600,6900,6900,6900,6900,100,100,100,3000.69,5537.46,5600,5480,9000,9000,9000,9000,9000,6900
5600,5593,5538,4745,4340,5538,5600,6900,6900,6900,5380,4350,3980,4650,5468.69,5500,5600,9000,9000,9000,9000,9000,9000,6900
5600,5587.73,4745,4700,4745,5000,5600,6900,6900,4180,3980,1400,405,1105,1105,1960,3040,5480,9000,9000,9000,9000,9000,6510
5600,5180,4745,4500,4340,5562.86,5600,6873.47,6900,6875.13,3800,100,100,100,1875,1399,5567.29,9000,9000,9000,9000,9000,9000,6900
5600,5600,5586.76,5560.27,5288,5587.4,5600,6900,6900,5880,4600,405,100,389,3500,4650,5600,9000,9000,9000,9000,9000,9000,6900
5600,3980,3000,1450,1000,2872,1450,1350,1350,2900,1250,388,405,388,1500,1450,4180,9000,9000,9000,9000,9000,9000,6900
5600,4300,3500,3040,3040,3980,5582.87,6900,6900,6873.8,3980,2995,2995,2995,2995,3040,4350,9000,9000,9000,9000,9000,9000,6900
5600,5583.32,4745,4340,4500,4745,5600,6900,6900,6900,5800,2995,2987.5,2990,3890,4350,5600,9000,9000,9000,9000,9000,9000,6900
5590,5557.62,4000,3980,3980,4745,5180,6900,6900,6900,6900,5395,5371,5349,5535.89,5600,5600,9000,9000,9000,9000,9000,9000,6900
5585.95,5582.9,5180,4745,5174,5561.42,4670.69,6900,6900,6900,6876.33,5295,4650,4980,5489,5534.61,5600,9000,9000,9000,9000,9000,9000,6900
5581.1,4340,3000,2666,3000,3601,4500,6875.66,6875.8,5901,2890,750.65,650.55,620,2999,2890,3020,8945.92,9000,9000,9000,9000,9000,6900
5600,4616,4340,1750,2000,3040,5179,4680,3150,4364,999,1490,1120,1490,1120,1220,3040,9000,9000,9000,9000,9000,9000,6900
2900,1000,650,1000,1000,3040,1300,1350,870,2510,999,2885,2872,2749,2900,1199,2750,4244,8900,8900,9000,9000,8900,6800
5586.09,3040,1750,3040,1750,3040,5584.44,6900,6900,6900,3900,2885,2872,2749,2800,4980,5568.82,8950.8,9000,9000,9000,9000,8900,6762
5586.62,3040,2500,3980,3980,4586,4988,6874.05,6900,6900,6900,5471.2,5384,5535.26,5557.21,5557.14,5600,9000,9000,9000,9000,9000,8800,5470
5550,4511,4181,3980,3980,4225,4000,6810,6900,6862.96,6800,3499.13,3170,3170,5000,5480,5600,8900,9000,9000,9000,9000,8680,5301
4340,3980,1750,2500,3680,3980,5586.56,6900,6900,6900,6900,5589.34,5567.04,5563.95,5589.38,5568.33,5600,8949.83,9000,9000,9000,9000,8944.19,6838.39
5600,5586.9,5581.46,5582.01,5582.16,5582.56,5600,6900,6900,6900,6900,5541.17,4650,5513.42,5515.66,5542.1,5600,9000,9000,9000,9000,9000,9000,5000
5585.83,4745,4340,5577.96,5579.8,5562.76,4745,5880,6876.51,6900,3040,4650,4305,4650,4615,5588.55,5600,9000,9000,9000,9000,9000,9000,5000
5542.63,3040,2788,3980,3980,3980,3729,3968,4070,3988,1220,1120,755,398,988,3040,3020,8948.58,8953.35,8951.63,9000,9000,8700,5400
4000,4745,4070,4217.54,4170.88,3980,5577.48,6900,6900,6900,6900,5590.28,5565.55,5588.41,5590.81,5600,5600,9000,9000,9000,9000,9000,9000,6900
5543.08,4745,4737,4359,4600,4745,5578.66,6900,6900,6900,5880,3020,1120,1120,2950,4500,5600,8947.1,9000,9000,9000,9000,8949.01,5925
4000,4599,4340,4401,4745,4745,4862,6900,6900,6900,6800,5514.36,3980,3980,4970,5587.98,5600,8700,9000,9000,9000,9000,8500,5400
4000,3040,3040,4011,3594,3040,5230,5880,6800,5380,2450,900,405,405,378,1450,3150,8500,9000,9000,9000,9000,8400,5400
3980,4340,3959,3980,3500,4246,4555,6800,6600,1554,1300,378,100,100,250,1105,2700,7000,8946.56,9000,9000,8900,8300,6851.35
5543.16,4340,3667,3679,3730,3240,4300,6800,6800,3950,2750,1373,405,405,405,2989,3020,8952.09,8947.95,8900,8951.77,8900,8900,6874.33
5600,5542.64,5253,4330,4340,4745,4340,6800,6800,3039,3000,100,300,554,1119,3700,3200,8700,8900,8900,9000,8900,8900,6878.65
5557.04,4745,3980,4570,4348.35,4340,5581.93,6900,6900,6800,4650,990,100,990,1050,3000,3150,8300,9000,9000,9000,9000,8900,6877.62
5600,5291,4745,4755,4776,4716,5600,6900,6900,6602,2998,1049,1049,1049,1050,3150,4630,6000,9000,9000,9000,9000,8900,6876.98
5542.88,4550,3980,3980,4188,4000,4340,6842.18,6900,6800,5350,1493,1049,1493,1493,3000,5567.43,8943.69,9000,9000,9000,9000,8900,6873.98
1500,3040,1497,1497,1497,3040,3980,6900,6900,6900,5380,1493,1046,1493,1493,3000,5600,8948.2,9000,9000,9000,9000,8200,6800
3980,3980,1939,3400,3400,3400,3980,6873.73,6874.51,6877.93,3800,1390,953,953,1390,3150,5527.96,8921.14,9000,9000,9000,9000,8955.13,6875.78
5538.38,3980,4340,3980,3980,4000,5543.19,6868.4,6800,4499,2840,1840,1390,1390,1389,2800,4650,9000,9000,9000,9000,9000,8917.62,6848.44
5558.84,4300,3900,3980,3980,3900,4745,6800,6832.43,5380,3979,2799,1939,1939,3980,4980,5600,9000,9000,9000,9000,9000,8952.39,6800
5543.22,3900,1939,1939,1939,2000,1939,4138,5300,6750,5380,4000,3980,4350,3980,3980,3592.04,5480,8900,9000,9000,8953.23,7700,6700
5543.37,3700,1939,3040,2995,3040,2680,5880,6900,5880,5380,4700,3950,3199,2562,3040,4350,6500,8800,8900,8945.32,8400,5000,2000
1390,999.99,450,433,450,1240,1150,4180,4180,3040,2050,1340,490,1340,1840,2994,4000,8850,8400,8900,8900,8900,5980,1939
1390,385,250,249.44,250,940,999,5000,5500,4180,3039,1339,1339,1325,1339,1850,3290,5750,8100,8350,8900,8100,4180,1500
1390,350,150,130,133,1000,1390,4680,6447.18,5380,5000,1832,1318,900,1832,3000,3000,4000,7000,8100,8100,8100,3800,1390
1390,250,100,100,100,240,219.44,1850,4000,3200,3900,1828,1290,250,1750,3287.44,3900,4900,6485,7000,8000,7500,5000,3300
3980,1500,200,100,100,1390,1390,3200,4680,5880,5600,3200,3287.44,3287.44,3785.66,4650,5600,4980,6500,8000,8000,8945.96,8948.61,3980
4340,3000,1500,1500,1500,3300,5540.65,6900,6900,6900,6895.64,5568.01,5564.1,5565.78,5567.84,5567.3,5565.21,7000,8500,8948.94,9000,8952.44,8500,3900
3900,1450,1450,350,1099.67,3600,5000,6900,6900,6800,4250,1750,1290,1750,2500,3700,4650,7000,8944.58,9000,9000,9000,8951.31,4780
290,100,98,80,90,100,3900,6900,6877.19,4500,2500,100,100,1740,1000,1350,3450,5975,8900,8900,8900,8953.14,8900,3100
4500,1134.5,300,100,100,1134.5,5530,6900,6900,6900,5880,3000,1000,3000,2950,3200,5500,8952.12,9000,9000,9000,9000,9000,6872.28
5530,4745,3900,1850,2380,4340,5581.58,6900,6900,6900,6900,5400,4650,4650,4980,5400,5600,9000,9000,9000,9000,9000,9000,6848.01
5538,5530,5530,5530,5530,5530,5525,6785,6790,6858.26,6790,5535,5535,5535,5535,5535,5540,8947.45,9000,9000,9000,9000,8940,6835
257,2550,100,100,100,100,98,1323,3150,3150,2736,2650,2160,1700,1650,1650,2000,5975,8949.49,9000,9000,9000,8950.64,5180
4340,3980,1909,300,1055,3000,4700,6900,6900,6890,4417,4350,3950,3950,3980,4350,4407,7101.9,8949.4,9000,9000,9000,8953.31,6848.48
4340,4745,4340,3900,3980,5180,5544.39,6900,6900,6900,5380,4980,5514.75,5564.77,5564.46,5570,5600,8947.54,8942.67,9000,9000,9000,9000,6847.35
3900,4300,3900,2050,2108,3980,4700,5380,6800,5880,4680,4350,3960,4350,3960,3700,3500,5500,8900,9000,9000,9000,8900,5550
3980,3900,2050,2000,1054,2998.99,4745,4680,6800,4600,3400,3400,2920,2980,3000,2920,2550,5400,8900,9000,9000,8948.28,8948.08,6847.75
5500,5530,5530,4745,4500,5530,5541.55,6780,6800,6760,3980,2997,2650,2965,2997,2997,4850,8860,8945.99,9000,8949.59,8950.31,8951.22,6850.87
5600,5600,5600,5543.43,5539.56,5540.15,5600,5880,6900,6874.44,6835.25,4350,2480,3000,4980,5567.63,5600,9000,9000,9000,9000,9000,8951.81,6900
5577.18,5580.67,5541.38,5180,4745,5180,4745,4200,5000,4000,2010,2140,1920,2036,2050,3000,2650,8900,8900,8951.22,9000,9000,8900,6877.46
5600,5543.68,5180,4745,4700,4745,4500,5000,6900,5380,3000,3400,2550,2550,2130,4099,5562.43,9000,8950.89,9000,9000,8900,8500,6874.02
5542.12,5537.7,4921,3980,4340,5180,5530,6900,6900,6790,5350,3910,3904,3899,3887,3900,5520,8900,8900,9000,8900,8900,8890,6830
4340,4745,4340,3268,3900,4340,4340,6840,6900,6830,5315,3909,3850,3400,3000,3931,5550.45,8888,8888,8888,8888,8850,8500,6000
5180,5100,4340,3980,4000,5495,4700,6020,6900,6860.38,5690,4650,2998,2998,2963,3144.8,4500,8700,8900,9000,9000,8850,8600,6805
5535,5180,4600,3579.99,4000,5180,5180,6790,6900,6900,6862.72,4980,3880,3880,3880,4650,4650,8800,8900,9000,9000,8600,8200,6700
5535,5535,5180,4000,4000,4745,5535,6790,6800,6859.47,6830,3880,2550,2499,2998,3880,5520,9000,8900,9000,9000,8944.22,8600,6830
5535,5535,5180,4340,4340,4340,5180,5550,5380,4800,4179,2600,2350,2010,2499,4650,5600,5600,8875,8900,8952.55,8900,8600,6975
4745,4340,3980,2550,3850,3980,5535,6900,6900,6900,6900,5538.34,4980,5510,5568.46,5564.37,5600,9000,9000,9000,9000,8952.35,8830,6000
5530,4900,4340,2550,3980,4340,5535,6800,6900,6900,6780,5530,5400,5530,5535,5566.23,5600,9000,9000,9000,9000,8900,8830,6830
5535,5530,5180,4340,4745,5530,5535,6780,6900,6900,6780,5535,5530,5530,5542,5600,5600,9000,9000,9000,9000,8580,8890,6830
5530,5530,4427,4000,4173,4741,4982,6700,6900,6900,6876.28,5535,5535,5535,5535,5563.62,5600,8900,9000,9000,8900,8580,8700,6830
5180,4340,3500,3000,3000,3980,4368,4680,5599,5880,5350,3879,3879,3550,3850,4650,5566.51,8810,8900,8900,8810,8000,5980,4494
5100,4340,2950,2550,2950,3400,3980,4680,5189,4700,4679,4350,3400,4650,4650,5510,5600,8890,8890,8890,8890,8600,6800,6795
4745,3980,2550,2050,2050,3000,3198,3000,2998,2998,2998,2998,2950,2998,3844,5510,5565.94,8890,8890,8890,8890,8890,8910,6835
5100,4000,2550,1100,2050,3197,3800,6840,6900,6900,6900,5562.48,5535,5535,5541.54,5600,5600,8949.96,8890,8890,8890,8700,8910,6835
2986,2550,2986,2050,2550,2986,3980,4680,5825,5200,3200,3864,2850,2550,3864,5539.78,5600,8952.81,8943.61,8900,8700,7800,8100,5180
2986,2950,2680,2050,2050,2680,3698,5880,6800,5600,3599,2500,2549,3000,3699,5550,5600,9000,8955.01,8900,8900,8800,7000,4780
3980,3978,2986,2550,2986,2800,3980,6800,6800,3600,2998,3689,2549,2535,3800,5567.44,5600,8950.36,8917.17,8900,8900,8900,7300,6841.85
4340,3970,2800,2800,3795,3795,3978,6800,6860.07,6799,4679,3499,3799,3844,5152.37,5563.2,5600,8930,8930,8900,8400,6203,7300,4780
3970,3000,2500,2500,2500,2000,2800,4680,6850,6850,6858.07,5514,4649,4650,5542.31,5538.47,5600,8940,8940,8940,8700,6400,7800,4340
3100,2800,1500,1000,1000,1800,800,2950,3450,2450,2450,2250,2250,2250,3844,5530,5568.85,8940,8940,8940,8900,7800,7800,4780
3794,2900,2500,2500,2800,2900,4340,6800,6900,6900,6900,5569.83,5563.46,5565.91,5588.54,5600,5600,8952.63,8940,8940,8900,8846.75,8947.58,6852.68
4745,3964,3800,3794,3800,3964,4745,6872.6,6900,6900,6900,5600,5600,5600,5600,5600,5600,9000,9000,8951.91,8952.18,8949.77,8942.58,6842.98
3970,2800,2000,1900,2000,2500,3970,6900,6900,6900,6900,5600,5600,5600,5600,5600,5600,9000,9000,9000,9000,8948.13,8940,5600
4340,3970,3800,2500,3550,3955,3955,5380,6900,6900,6900,5600,5591.21,5600,5600,5600,5600,9000,8951.28,8940,8940,7500,7800,5600
3970,3100,2500,2049,2049,3800,3795,5380,6900,6900,6900,5600,5600,5600,5600,5600,5600,8944.14,8900,8788,6975,4980,5500,4340
3955,2500,2000,700,500,2000,800,2000,3850,4500,3870,3150,3150,3150,3870,5537.01,5600,8800,8600,8000,6000,4980,4980,3970
3970,4328,4328,3970,3970,3970,3000,2000,2100,2998,2499,2000,1999,1999,2000,4650,5600,8800,8600,8800,8100,5980,5000,4340
4340,2980,2000,2000,2000,2980,5180,6900,6900,6900,6900,5600,5600,5600,5600,5600,5600,9000,9000,9000,9000,9000,9000,6900
5544.3,4328,3970,3200,3700,4000,5180,6900,6900,6900,6900,5550,5516.43,5600,5600,5600,5600,9000,9000,9000,9000,9000,8953.43,6873.64
5180,3944,2500,2000,2000,3000,3970,5380,6900,6900,6900,5600,5600,5600,5600,5600,5600,9000,9000,9000,8948.4,6975,8947.09,6876.86
4340,3000,2500,2500,2500,3944,3100,4680,6900,6900,6900,5600,5600,5600,5600,5600,5600,9000,9000,8952.19,8800,6500,8945.58,6847.69
5542.11,3970,3970,2980,3944,3944,3944,4680,6874.7,6900,6900,5600,5600,5600,5600,5600,5600,9000,9000,8950.8,8600,5400,7000,5400
3944,2970,2500,2000,500,1972,940,2450,4800,5880,5807,4800,4800,4812.69,5563.38,5600,5600,8800,8600,8300,7600,5980,5029,3970
2890,1930,1727.27,1000,290,1930,300,920,1200,1818.18,1750,1909.09,1750,1930,2986,4650,5568.15,8800,8800,8940,8687,7100,5700,3970
2950,2000,2000,1000,219,2000,1055,2950,4600,3499,2986,2409,2409,2000,3499,5500,5600,8600,8000,8100,7400,5400,5000,3970
3970,2900,2900,2500,2500,2900,2900,4680,6800,4680,3850,3450,2986,3870,4812.69,5564.94,5600,8800,8800,8500,8953.9,8900,7030,3970
4340,3970,3970,3850,3944,3944,3944,5880,6900,6900,6900,5600,5600,5600,5600,5600,5600,9000,8952.38,8917.54,8930,8900,7800,4800
3935,2890,2500,2000,2000,2500,3935,5380,6850,6900,6861.22,4980,4650,5000,5600,5600,5600,8800,8800,8600,8900,8300,7400,4780
3944,3178,2500,2500,2500,2600,3000,4680,6850,6850,6850,5563.56,5541.44,5600,5600,5600,5600,8800,8700,8100,8000,6900,5980,4340
3944,2800,2500,2000,1990,2000,2500,2000,4400,4680,5380,4980,4650,4900,4980,5500,5500,8400,8000,5980,5500,4980,4792,3900
5535,5500,5500,5500,5350,5350,5350,5906,5480,5998,6835.12,5542.18,5538.01,5538.65,5563.93,5500,5552.37,8300,8450,8880,8953.96,9000,8950.99,6830
5180,4340,4340,4340,4340,4340,5480,6846.81,6900,6900,6900,5510,5510,5510,5510,5600,5600,8300,8100,8339,8340,8300,8100,6780
5535,4340,3890,3890,3890,3925,5535,6876.54,6900,6900,6900,5600,5600,5600,5600,5600,5600,8900,8900,8900,8500,8300,7990,6835
5180,3875,3760,3760,3760,3875,5000,6840,6900,6900,6900,5600,5600,5600,5600,5600,5600,8800,8700,8800,8300,7600,7470,6835
5540.87,3925,3800,2890,2890,3925,5180,6790,6900,6900,6900,5600,5600,5600,5600,5600,5600,9000,9000,9000,8952.79,8500,8300,6877.31
5600,4372,3925,3924,3925,4745,4745,6900,6900,6900,6900,5600,5600,5600,5600,5600,5600,9000,9000,8943.96,8940,8700,8600,6790
4340,3924,3099,2500,2500,2890,3100,2450,6740.75,6900,6900,5600,5600,5600,5600,5600,5600,8500,7736,7880,7974,6212,6406,4742
3924,2500,2000,2000,1799,2000,2500,2500,4150,5850,6875.8,5600,5600,5538.35,5600,5600,5600,8944.44,8940,8200,7522,6945,6299,4500
3920,2500,2450,2000,2000,2500,2500,4180,6859.8,6900,6900,5600,5600,5600,5600,5600,5600,8200,5980,5980,8200,7540,8700,6235.99
5544.24,4340,4334,3844,3920,4340,3920,6800,6900,6900,6900,5600,5600,5600,5600,5600,5600,9000,9000,8949.81,8950.48,8917.97,8900,6876.33
5180,3920,2890,2500,2500,3920,3920,6843.07,6900,6900,6900,5600,5600,5600,5600,5600,5600,9000,9000,9000,8950.14,8946.22,8946.23,5840
5539.73,4320,3898,2890,2890,4320,3920,6870.06,6900,6900,6900,5600,5600,5600,5600,5600,5600,9000,9000,9000,9000,9000,8950.49,6878.05
5542.17,4320,3920,3920,3920,4745,4320,6800,6873.78,6858.71,6500,4349,3970,4650,5600,5600,5600,9000,8952.59,8947.37,8900,8900,8700,6850.52
5600,5539.61,4745,4304,4320,5537.69,5544.22,5600,6800,4615,3905,2998,2998,3905,5562.45,5600,5600,8900,8900,8700,8900,8500,7999,4780
5541.97,4413,3849,3000,2890,3849,4320,4115,6500,6879.1,6900,5600,5600,5600,5600,5600,5600,8950.79,8949.37,8945.98,8950.67,8950,8950.95,5450
4745,3920,2890,2500,2500,3849,5059.63,6877.41,6879.59,6900,6900,5600,5600,5600,5600,5600,5600,8947.91,8952.31,8950.17,8915.45,8952.75,8917.5,6875.76
4320,3920,2500,2000,2500,3748,4320,5600,5600,6857.7,6830,5600,5600,5600,5600,5600,5600,8940,8940,8940,8940,8940,8500,6027
3548.25,3849,2500,2500,2500,3920,3920,4180,5600,5600,4000,3800,3350,3600,4000,5400,5562.61,8900,8800,8800,8600,8600,8600,5600
4304,5400,4320,4304,3920,4320,4000,4680,6877.93,6872.62,6830,3970,3050,3900,5538.8,5600,5600,8900,8900,8850,8200,4980,4980,4320
4000,4000,3000,2890,3000,3849,3500,5267,6830,6830,5600,3970,3800,4200,5565.7,5600,5600,8900,8850,8500,8400,7174.47,5638.5,4320
3849,3800,3885,3000,3000,2678,2500,2678,5410,6830,6876.99,5600,5565.36,5565.56,5538.68,5563.2,5600,8900,8300,8000,6701,5000,4945,3500
3885,2890,2890,2890,2890,2890,2890,2678,4200,5845,3935,3300,3300,3300,3935,5500,5600,8900,8900,8600,8900,8951.62,8600,5145
4270,3849,3870,3870,3870,3849,4270,5800,6900,6900,6900,5600,5600,5600,5600,5600,5600,8900,8900,8949.16,8953.34,8949.87,8947.31,4752
3000,2678,2500,2000,2000,2500,2890,4307,5380,6878.48,6830,4500,4500,4500,5516.76,5514.2,5600,8600,8900,8900,8900,8600,8600,3970
3500,2890,2678,2500,2500,2890,2890,3000,4200,5550,5380,4295,4295,4295,4650,4650,5320,8800,8800,8500,6975,8800,5600,4200
5600,2890,2500,2500,2500,3800,4320,6900,6900,6900,6900,5600,5600,5600,5600,5600,5600,9000,9000,9000,9000,9000,9000,6900
3920,3800,2390,2390,2390,3480,4745,5380,6900,6900,6900,5600,5600,5600,5600,5600,5600,9000,8946.64,8800,9000,8953.61,5980,6842.97
5538.94,4320,3920,2890,2890,3920,4320,4680,5893,6900,6900,5600,5600,5600,5600,5600,5600,9000,8950.29,8951.45,8800,8953.83,8300,6877.5
5543.26,5180,4745,3920,3920,4320,4745,4680,6879.83,6900,6900,5600,5600,5600,5600,5600,5600,9000,9000,9000,8948.34,8900,8917.58,6873.97
3800,3500,2890,2678,2700,2900,3920,4680,6900,6900,6900,5600,5600,5600,5600,5600,5600,9000,9000,8951.83,8605,8300,8400,6500
3000,2678,2500,2500,2500,2500,2700,2500,4300,4300,3970,3800,3050,3500,3970,5300,5567.88,8400,8200,8000,6000,4980,4980,5500
